ticker,form,date,sentiment_score,sentiment_change,risk_language,risk_change,novelty,log_word_count,ret_5d,sentiment_quantile,z_sentiment,z_sentiment_change,z_novelty,z_risk,alpha_signal
UNH,10-Q,2022-11-02,0.018972106277942657,-0.006428804248571396,6.626277925028399,-0.01033614960220497,0.04722638680659674,9.670735486942808,-0.005097393195886646,,0.9463843038361736,-0.10249921921140479,-1.0278410524973338,-0.8264248584346267,0.3972132985995588
CVX,10-Q,2022-11-03,0.0008310146513395011,-0.08367011026712134,6.935912171535016,0.011433532134327073,0.09301249421564095,10.13586830920282,0.0009386813323870591,,0.6988710572896811,-1.1188565779635815,-0.8215862686094422,-0.6908072417007842,0.0370266274267807
PFE,10-Q,2022-11-09,-0.05910500884056091,-0.09490904957056046,7.667855148417028,0.24788949603251176,0.0856079404466501,10.748475604511441,0.028467451127792698,,-0.11888346735051507,-1.2667409063678183,-0.8549419025305692,-0.3702213787681732,-0.49730709120781114
NVDA,10-Q,2022-11-18,-0.2712518572807312,-0.07215505838394165,8.02161976664379,-1.2815961598493182,0.1928602525032651,10.056766423877352,0.027127036555748996,,-3.013370540280059,-0.9673391021317752,-0.37179747954902115,-0.2152749703848687,-1.7876506729640114
HD,10-Q,2022-11-22,0.050033342093229294,0.01786402240395546,4.158312913046707,0.0791933871481465,0.05087440381558028,9.508071780280964,0.0032938904995294394,,1.3701772859031154,0.21715090590762395,-1.0114076624935655,-1.9073761320215863,0.9633684868104688
COST,10-Q,2022-12-29,-0.16220641136169434,-0.07104663550853729,4.821600771456123,-2.9601496717130624,0.5028248587570621,9.429074214801693,0.057695848537082206,,-1.5255773635480268,-0.9527542406878747,1.024514338457674,-1.6168607268916273,-0.34063347560865676
MSFT,10-Q,2023-01-24,-0.08719544112682343,-0.02086753398180008,10.222997655525871,-0.08437750216158513,0.02203959656331711,10.510068711466475,0.02383893023074224,,-0.5021434296050091,-0.2924870634339838,-1.1413011449233421,0.7489130229945574,-0.7967470226404754
AMZN,10-K,2023-02-03,0.029708418995141983,0.20307404175400734,8.268525967641011,-1.97546088129479,0.2514362960459615,10.708824377084602,-0.05590481490877708,4.0,1.0928683011208498,2.654183314912353,-0.10792728211179406,-0.10713179528768282,1.2097811075824851
AAPL,10-Q,2023-02-03,-0.1905377358198166,-0.15971528552472591,5.28950599792198,-2.7905778363949363,0.5944055944055944,9.267476563346992,-0.0210968267001429,0.0,-1.9121240080348738,-2.11947499645723,1.4370622904102568,-1.4119215369068647,-0.7736847963024639
PEP,10-K,2023-02-09,-0.048539310693740845,-0.08059700205922127,10.583123072610036,-1.6963818489375715,0.514894779994534,11.175226476196194,0.01580033901503186,,0.02527270054594627,-1.0784199734790474,1.0788862677885107,0.9066454164273094,-0.21390843025648837
JNJ,10-K,2023-02-16,-0.058157600462436676,0.04029761254787445,8.818488090312666,1.696144609554481,0.38558931860036827,11.34564226315264,-0.007255942198048149,,-0.10595722628953073,0.512336805800703,0.49639800869466966,0.13374773665072345,0.1657681563163969
KO,10-K,2023-02-21,0.02410898730158806,0.10350747779011726,8.833375258809188,-1.3322970326921055,0.5724499523355577,11.545963644047026,-0.004849380468835096,,1.0164708303504335,1.3440655141327242,1.3381576997705906,0.14026821148253518,1.1437241657804116
PFE,10-K,2023-02-23,0.052507542073726654,0.11161255091428757,8.478176545558654,0.8103213971416254,0.3959919839679359,11.592466508369744,-0.03971611877108061,0.0,1.4039347511308482,1.4507137718796435,0.5432593738261787,-0.015306320409354614,1.2042872420942183
CVX,10-K,2023-02-23,0.08529730141162872,0.08446628676028922,6.357381903233431,-0.5785302683015843,0.5120377264829983,11.294520668003193,0.0038904721333308245,4.0,1.85131134534311,1.0935175156573487,1.066015967430513,-0.9441994199906448,1.7015888984411818
UNH,10-K,2023-02-24,-0.0921703577041626,-0.11114246398210526,8.522286069265414,1.8960081442370154,0.6131751482984702,10.849589481981912,-0.011913255244256127,4.0,-0.5700201472083449,-1.4803435892494992,1.521614363100379,0.0040133399572448245,-0.27569571513076374
NVDA,10-K,2023-02-24,-0.17546121776103973,0.09579063951969147,8.387841477491344,0.3662217108475545,0.4806704514733712,10.858633546178956,0.025938439434882943,0.0,-1.7064231600289914,1.2425257322890029,0.9247143610182426,-0.05487244326881734,-0.29768344587048
COST,10-Q,2023-03-09,-0.07750950753688812,0.08469690382480621,4.511172199901319,-0.3104285715548043,0.026422764227642226,9.560151815893512,0.01614125714261405,,-0.3699905846702023,1.0965520235218245,-1.1215560879506414,-1.7528262523957772,0.2469602546566389
HD,10-K,2023-03-15,0.014856425113976002,-0.03517691697925329,7.173147112808287,3.01483419976158,0.647024504084014,10.766377507683169,-0.01861316248228717,,0.8902308138692426,-0.48077293608834,1.6740971129423672,-0.5869000101704803,0.8901714536907482
PEP,10-Q,2023-04-25,-0.05692023038864136,-0.008380919694900513,11.825503980632245,1.2423809080222092,0.5525591634562466,9.974877548622802,0.013388873305928639,4.0,-0.08907480871244146,-0.12818556504473272,1.2485547482680652,1.4507994940932585,-0.12714498207370223
MSFT,10-Q,2023-04-25,-0.08108934015035629,0.006106100976467133,9.999455070568361,-0.22354258495751012,0.011541325390915902,10.510613774571024,0.1088885330536864,0.0,-0.41883306948259125,0.06243770150391101,-1.188593189921087,0.6510029469855324,-0.6537061435919728
KO,10-Q,2023-04-26,0.0077338675037026405,-0.016375119797885418,8.226602574442687,-0.6067726843665007,0.5847437425506555,10.341677965256997,0.0015735864505546093,,0.7930521327777517,-0.23337493224749412,1.3935381019813537,-0.12549394590602866,0.717940345298848
AMZN,10-Q,2023-04-28,-0.12313355505466461,-0.1528419740498066,11.085739540365351,2.8172135727243397,0.23719036308109942,10.20924281649528,0.0019915288757217375,0.0,-0.9924755130389137,-2.0290345176950977,-0.17210159155240437,1.1267878853473337,-1.3282187551681657
JNJ,10-Q,2023-04-28,-0.05364686995744705,0.004510730504989624,7.8492520746339665,-0.9692360156786997,0.41884456671251724,10.541095595755303,-0.00623088806302563,4.0,-0.044413766030004194,0.04144548112078219,0.6462044543754969,-0.29077080411780065,0.22239830188851784
UNH,10-Q,2023-05-03,0.003123712493106723,0.09529407019726932,7.459787085243609,-1.062498984021805,0.609511889862328,9.462654300590172,0.0012871702019563447,,0.7301521454317952,1.2359917686497406,1.505112314338689,-0.4613537233468686,1.1656905242997222
CVX,10-Q,2023-05-04,-0.05634872987866402,-0.14164603129029274,8.442318953738043,2.084937050504612,0.5323184427252308,9.927838643399959,0.0,,-0.0812773757057071,-1.8817159468637432,1.1573754426587357,-0.03101169279432488,-0.21397089070552416
AAPL,10-Q,2023-05-05,-0.15704362094402313,0.03349411487579346,4.774490578906982,-0.5150154190149978,0.12353471596032461,9.36990494164752,-0.004386263118070777,,-1.4551373346997631,0.42281495174748185,-0.684091412506333,-1.6374946590534252,-0.38351411777623806
PFE,10-Q,2023-05-10,-0.02938341535627842,-0.08189095743000507,8.814248833024749,0.3360722874660951,0.4209474315410754,10.554457654196888,-0.030087038746159034,,0.2866317159277531,-1.0954461105394073,0.6556773262858536,0.13189097184968704,0.00040091893806636775
HD,10-Q,2023-05-23,0.0019985681865364313,-0.01285785692743957,5.007739233360648,-2.1654078794476392,0.6507523148148149,9.304194947447806,-0.0320386177491897,,0.714800912667824,-0.18709404724815282,1.6908899533947621,-1.5353333930427362,1.1171827811312482
NVDA,10-Q,2023-05-26,-0.21849004924297333,-0.043028831481933594,10.264958764695562,1.8771172872042179,0.4577220592157909,10.034384227337895,0.005777442211821526,,-2.2934995055107166,-0.5840900794206334,0.8213376829491471,0.7672916929424258,-1.2792607751088365
COST,10-Q,2023-06-01,-0.20083506405353546,-0.12332555651664734,4.409294512877939,-0.10187768702337952,0.04192021636240706,9.56724528946897,0.014611801010933512,,-2.0526185931647465,-1.6406512845500791,-1.0517440025441964,-1.7974479609708065,-1.2500461281132407
PEP,10-Q,2023-07-13,-0.02614380046725273,0.030776429921388626,12.360895900831103,0.5353919201988582,0.044801838024124074,10.254038784766838,0.00943862601188461,,0.33083234151564367,0.3870550812254055,-1.038763028910113,1.685297380083312,-0.41883516118418307
KO,10-Q,2023-07-27,-0.05905453488230705,-0.0667884023860097,10.228703315148971,2.0021007407062843,0.03810049696300388,10.548730426438988,-0.012812241966125848,0.0,-0.11819481125800381,-0.8967235131866615,-1.0689508682032034,0.7514120616787774,-0.7383690163961625
MSFT,10-K,2023-07-27,-0.0069727180525660515,0.07411662209779024,7.412518133248416,-2.586936937319945,0.3112176925126565,10.942473679094304,-0.012276454694723493,4.0,0.5923985661915051,0.957334450111797,0.1613727240800174,-0.4820571910266217,0.6963903744003616
JNJ,10-Q,2023-07-31,-0.039263807237148285,0.014383062720298767,6.466760029656479,-1.3824920449774876,0.08966015907447578,10.790493644582789,0.03324779668620015,,0.1518257228859981,0.17134770587946177,-0.8366876869039406,-0.8962925718442799,0.13365100914794933
UNH,10-Q,2023-08-02,0.002846932504326105,-0.0002767799887806177,6.508422664624809,-0.9513644206188001,0.040693293142426534,9.659694765654068,-0.005328929923443804,,0.7263758173578148,-0.021549589408943148,-1.057270980003174,-0.878044631492061,0.31299392419889327
CVX,10-Q,2023-08-03,-0.060211431235075,-0.0038627013564109802,7.476946082911025,-0.9653728708270188,0.09024390243902436,10.088929236666326,0.007265028502275284,,-0.13397926227590584,-0.06873389736228772,-0.8340580713215254,-0.4538382033569093,-0.17922807246967887
AAPL,10-Q,2023-08-04,-0.10668919235467911,0.050354428589344025,4.755434782608696,-0.0190557962982858,0.08812615955473102,9.373903755841548,-0.021759010717190774,4.0,-0.7681120798432686,0.6446665075655829,-0.8435979650938394,-1.645840963469348,-0.022328663436361418
AMZN,10-Q,2023-08-04,-0.16133294999599457,-0.038199394941329956,10.37308530133813,-0.7126542390272217,0.05595899188381037,10.272357830174737,-0.008311267473209427,0.0,-1.5136600400039328,-0.5205433371440286,-0.9885028847669358,0.8146503535899201,-1.3377541638771877
PFE,10-Q,2023-08-09,-0.010156569071114063,0.019226846285164356,8.047783715812638,-0.7664651172121104,0.08103879849812268,10.773022050401837,-0.010044775902657954,,0.5489587711482157,0.23508322932040027,-0.8755247264148392,-0.20381534513133964,0.165322847583333
HD,10-Q,2023-08-22,-0.07917710393667221,-0.08117567212320864,4.363526933493831,-0.6442122998668172,0.05022831050228316,9.4949928598676,0.015100841633298057,,-0.3927429199395153,-1.0860342359525732,-1.0143181487577722,-1.8174938380331072,-0.26708609663906724
NVDA,10-Q,2023-08-28,-0.16646751761436462,0.052022531628608704,8.543237606289106,-1.7217211584064565,0.21632996632996637,10.123947506221135,0.036575243060712914,,-1.5837150029021734,0.6666157583810257,-0.2660723802303415,0.013189965443996914,-0.6950191482744149
WMT,10-Q,2023-09-01,0.0071272412315011024,0.03792438376694918,7.575116377486246,-0.5130835165968506,0.04426229508196722,10.070314688371434,0.01714423596052117,,0.7847754512437246,0.48110936209439653,-1.0411935328168682,-0.4108403065332893,0.35507675957456675
PEP,10-Q,2023-10-10,-0.06976781040430069,-0.04362400993704796,12.322176456335884,-0.03871944449521969,0.025142857142857133,10.271320019170737,-0.0245132500713926,,-0.2643644938865364,-0.5919215627785269,-1.1273217442622934,1.668338536405832,-0.9790777078049313
COST,10-K,2023-10-11,-0.014816157519817352,0.1860189065337181,7.463588565903184,3.054294053025245,0.5105337078651686,10.407137492553023,0.01612664489015203,,0.4853843243482334,2.4297682567116086,1.0592407455883839,-0.4596887016222759,1.2298665881546837
KO,10-Q,2023-10-24,-0.04083378240466118,0.018220752477645874,10.055778144394688,-0.17292517075428293,0.02960526315789469,10.550276609117924,0.015276839556635835,4.0,0.13040531122021726,0.22184483528520835,-1.1072197386467255,0.6756720561865637,-0.32505908427691155
MSFT,10-Q,2023-10-24,-0.1716373860836029,-0.16466466803103685,10.932496684671865,3.5199785514234483,0.307817149039762,10.339093817556279,0.02293276214979234,0.0,-1.6542516032004164,-2.1846000129912633,0.14605413949632992,1.0596685950714286,-1.6016794187417989
GOOGL,10-Q,2023-10-25,-0.0624750554561615,0.05902392417192459,7.9811546304760554,0.02491395419559872,0.046119235095613,10.255657363586069,0.006687324270108652,,-0.16486367603967142,0.7587415547936704,-1.0328284897310778,-0.23299841470600988,-0.09270396807768508
AMZN,10-Q,2023-10-27,-0.16142573952674866,-9.278953075408936e-05,10.397072403296965,0.02398710195883602,0.04700301854247524,10.283292913863715,0.08501650556881901,0.0,-1.5149260408860843,-0.019128604244469924,-1.028847269790108,0.8251565351144483,-1.2257461227302988
JNJ,10-Q,2023-10-27,-0.11864384263753891,-0.07938003540039062,6.839138224883101,0.37237819522662186,0.09808963997060982,10.731318586382624,0.03942300339980398,4.0,-0.9312188191587472,-1.0624068700915732,-0.798715016613655,-0.7331935479796675,-0.7475914942607638
CVX,10-Q,2023-11-02,-0.12193255126476288,-0.06172112002968788,7.824158096390402,0.34721201347937747,0.08660287081339713,10.11843762882181,-0.04584550977318824,,-0.9760892694064031,-0.8300471456161043,-0.8504599939476096,-0.3017617896504374,-0.8327309721815206
AAPL,10-K,2023-11-03,-0.19356974959373474,-0.08688055723905563,7.711626532722707,2.9561917501140105,0.5973871733966746,10.429576102968031,0.05658421262559932,,-1.953492167581328,-1.1611003148059573,1.4504935464232642,-0.3510498210750213,-0.8166353206175818
UNH,10-Q,2023-11-06,0.0053094299510121346,0.0024624974466860294,6.604852025911343,0.09642936128653368,0.019534184823441048,9.664405149920409,0.017077264243394508,,0.7599736156704533,0.014494399522726437,-1.1525873884194697,-0.8358092511735378,0.3044158734044253
PFE,10-Q,2023-11-08,-0.0699184462428093,-0.05976187717169523,9.580226738841795,1.5324430230291561,0.07110161733292641,10.798677214502229,-0.007234578570093131,,-0.26641973765041455,-0.8042670158002612,-0.9202892034508915,0.46738389367501076,-0.6811948970567482
NVDA,10-Q,2023-11-21,-0.13719585537910461,0.02927166223526001,8.606371734863355,0.06313412857424971,0.13970912296165716,10.184635826136912,-0.03612033615726873,0.0,-1.1843385871501637,0.3672550313577606,-0.6112298173772465,0.04084226859976157,-0.6633735572298938
HD,10-Q,2023-11-21,-0.09639041125774384,-0.017213307321071625,4.390861055295081,0.027334121801249722,0.02200303490136568,9.505841793480096,0.025441677956867803,4.0,-0.6275976721526106,-0.24440398006033112,-1.141465845923517,-1.8055216854174925,-0.2088858712178942
WMT,10-Q,2023-11-30,0.05782024934887886,0.05069300811737776,8.322896044604258,0.7477796671180119,0.0438786565547129,10.116661572812847,-0.017109540031861714,,1.4764202141167553,0.6491216082439334,-1.0429217269352937,-0.08331808494206842,0.6605895986210547
COST,10-Q,2023-12-20,-0.07671185582876205,-0.0618956983089447,4.800927075573214,-2.6626614903299703,0.5319295823265446,9.399472020698687,0.02598957520629619,,-0.3591075921824671,-0.8323442833516876,1.1556237253359014,-1.625915659917779,0.3077449793842647
MSFT,10-Q,2024-01-30,-0.020664487034082413,0.1509728990495205,9.974993817152592,-0.9575028675192723,0.04848260547742411,10.50210424924984,-0.007587028612260349,,0.40559094395282985,1.9686255153797372,-1.0221821064735395,0.6402890904661173,0.2793340515864351
GOOGL,10-K,2024-01-31,0.001331245875917375,0.06380630133207887,10.64670848047225,2.6655538499961953,0.5225606316976875,10.949402052203789,0.038829151863739586,,0.7056961071250301,0.8216690798394515,1.1134189825315473,0.9344953767292253,0.6029962249729585
AMZN,10-K,2024-02-02,-0.013635912910103798,0.14778982661664486,8.806366047745357,-1.5907063555516086,0.25668979187314167,10.760580144684319,0.015365807736235526,4.0,0.5014873340833702,1.9267419784828157,-0.08426161783484035,0.12843836747895915,0.6792541653339391
AAPL,10-Q,2024-02-02,-0.053887397050857544,0.1396823525428772,6.395348837209302,-1.3162776955134046,0.5896429972538251,9.241935933565934,0.017438641647141484,0.0,-0.04769546720862118,1.820062128535854,1.41560799997435,-0.927570170614676,1.0169623411769093
PEP,10-K,2024-02-09,-0.01937403716146946,0.05039377324283123,11.962570929725011,-0.3596055266108724,0.541587645624492,11.202493225491926,-0.008051439517634207,,0.42319757116414647,0.6451842127956016,1.1991308472778779,1.510833851334626,0.2949690877667866
JNJ,10-K,2024-02-16,-0.055688075721263885,0.06295576691627502,9.172897556463424,2.333759331580323,0.40095923261390887,11.262397869912,0.027084177875233317,,-0.07226354904586334,0.8104775690153514,0.5656355672605698,0.2889765838779052,0.23565236357657232
KO,10-K,2024-02-20,-0.027503758668899536,0.013330023735761642,9.507397362211277,-0.5483807821834112,0.5804855055385341,11.534021373264961,-0.0059309541184031644,,0.3122773572519895,0.1574915973262196,1.3743558258635755,0.4354851402319509,0.4302292493654558
NVDA,10-K,2024-02-21,-0.0947411060333252,0.04245474934577942,9.444071121120214,0.8376993862568582,0.4597007088474665,10.916215102047069,0.15104050960458637,,-0.6050948978408761,0.5407208657214312,0.8302509969490722,0.4077486931484102,-0.06174165653991476
PFE,10-K,2024-02-22,-0.002288335468620062,0.06763011077418923,9.023280238053562,-0.5569465007882322,0.4059310610437127,11.646240584209348,-0.03593467704496622,,0.6563112989687343,0.8719835691364293,0.5880323914578218,0.22344525336850615,0.6372983262908034
CVX,10-K,2024-02-26,0.0009443804738111794,0.12287693173857406,7.271821395525398,-0.5523367008650037,0.5305828735907892,11.342125281523384,-0.036063312264111524,,0.7004177967773,1.598932865168939,1.1495571445547121,-0.5436813700943414,1.173251743343148
UNH,10-K,2024-02-28,-0.032367825508117676,-0.03767725545912981,9.283037531625103,2.6781855057137607,0.5973659454374411,10.869900893813494,-0.05153725869777359,,0.2459130502094895,-0.5136729159615886,1.450397919858967,0.3372171163999833,0.27283349697909354
COST,10-Q,2024-03-13,0.0046012005768716335,0.08131305640563369,4.327734174429692,-0.47319290114352164,0.0765645805592543,9.52032195192273,0.008880456975605133,0.0,0.7503106827388958,1.0520266471054207,-0.8956799417469541,-1.8331708141278795,0.8725347212410344
HD,10-K,2024-03-13,0.014693314209580421,0.11108372546732426,8.577628562070096,4.186767506775015,0.6407303370786517,10.79648918643233,0.014301202372370092,4.0,0.8880053629247757,1.4437553753658987,1.6457434893454228,0.028252961584888017,1.209314157243996
WMT,10-K,2024-03-15,-0.0338294580578804,-0.09164970740675926,10.13622570856737,1.8133296639631116,0.5327029156816391,11.03419587502419,0.0031312259914433316,,0.2259708424804202,-1.2238537963016702,1.1591073956685491,0.7109075220571284,-0.08092805943235226
PEP,10-Q,2024-04-23,0.005332341883331537,0.024706379044800997,10.108827085852479,-1.8537438438725324,0.5707713125845737,9.93672888631593,0.027391758664877308,,0.7602862212660676,0.30718407444907864,1.3305958540785838,0.6989071184961358,0.6148613131409155
MSFT,10-Q,2024-04-25,-0.03150545805692673,-0.010840971022844315,10.035645736221552,0.060651919068959614,0.033991228070175405,10.504272703223904,-0.003007226512431238,,0.25767901071251037,-0.16055543809508335,-1.0874620807825053,0.666854203360664,-0.349878425203308
GOOGL,10-Q,2024-04-26,-0.04865434765815735,-0.049985593534074724,9.014701545979191,-1.6320069344930594,0.5097816841508365,10.07491666816366,-0.027391595613030284,,0.023703160348385748,-0.6756286184386492,1.0558530697745734,0.2196878467284275,0.051985731326067056
AMZN,10-Q,2024-05-01,-0.18670180439949036,-0.17306589148938656,10.618943303753758,1.8125772560084012,0.26161449752883026,10.201144708009988,0.05027932960893855,0.0,-1.859787364853913,-2.295145079155273,-0.06207706976546491,0.9223344250992335,-1.7497828259319492
JNJ,10-Q,2024-05-01,-0.06666064262390137,-0.010972566902637482,8.725487296282054,-0.4474102601813694,0.42751373298304274,10.428511895701932,-0.014750718218914494,4.0,-0.22197094884961627,-0.16228700437358637,0.6852568463956633,0.09301404461541099,-0.003496525073141639
CVX,10-Q,2024-05-02,-0.05116097256541252,-0.0521053530392237,8.567246426726365,1.295425031200967,0.5069477719214184,10.053156777054832,0.029365896644737433,0.0,-0.010496703774410691,-0.7035208600758586,1.043087015014469,0.023705659508937344,0.07371677197021295
KO,10-Q,2024-05-02,-0.008047541603446007,0.01945621706545353,8.251437048025219,-1.2559603141860585,0.5844921046429413,10.384647468346362,0.014357137433435696,4.0,0.5777338992564238,0.23810133831474645,1.3924045371248808,-0.11461662158515273,0.7251475738844069
AAPL,10-Q,2024-05-03,-0.09045253694057465,-0.0365651398897171,6.368863334807608,-0.02648550240169456,0.13733905579399142,9.333088837235236,-0.0004455608279272383,,-0.5465825612608094,-0.49903946527285964,-0.6219063679540296,-0.9391706339169145,-0.31873508045789845
PFE,10-Q,2024-05-08,-0.014876620844006538,-0.012588285375386477,8.58575085324232,-0.43752938481124204,0.4457761453701914,10.532229536403737,0.03482937076230663,,0.4845593754435538,-0.18354696803934697,0.7675243754199554,0.031810467847916475,0.3803214226049499
UNH,10-Q,2024-05-09,-0.13063199818134308,-0.0982641726732254,10.709308296046359,1.4262707644212558,0.5994389027431422,9.52032195192273,0.02808516979069453,,-1.094782697222181,-1.310888322183056,1.4597360659755712,0.9619136545583776,-0.7506578263025562
HD,10-Q,2024-05-21,-0.03351147845387459,-0.04820479266345501,4.171437919188614,-4.406190642881482,0.6613800779076238,9.41140190014419,-0.030462349831816282,,0.2303092894572069,-0.6521964658428352,1.7387653266020948,-1.9016274718760606,0.8622037278874335
NVDA,10-Q,2024-05-29,0.011818110942840576,0.10655921697616577,7.643147076604198,-1.800924044516016,0.4906897456071335,10.050138752861821,0.06631834867660946,,0.8487766930255369,1.3842209405309767,0.9698487361204197,-0.38104334000518103,1.1081666006769129
COST,10-Q,2024-06-06,-0.033383775502443314,-0.03798497607931495,4.205574167795281,-0.12216000663441129,0.06126482213438733,9.548953173096507,0.003940016011746428,,0.23205164172315168,-0.5177219686367186,-0.9646014672058871,-1.8866760356815788,0.2171139708213191
WMT,10-Q,2024-06-07,0.00834579672664404,0.04217525478452444,7.659657510855247,-2.4765681977121226,0.5462890112772095,9.928082599391509,0.0173042371475296,,0.8014011666586448,0.5370432174694131,1.2203093053637832,-0.373811886218559,0.9334916855922613
PEP,10-Q,2024-07-11,-0.029551664367318153,-0.03488400625064969,10.745622511692629,0.63679542584015,0.06377998829724985,10.160916581816888,0.039158162942122265,,0.284336161734663,-0.47691875508313747,-0.953271282511897,0.9778190249593247,-0.45983418477125826
GOOGL,10-Q,2024-07-24,-0.08019516617059708,-0.03154081851243973,8.044935676753035,-0.9697658692261566,0.06171490988530859,10.225426113666,-0.006313982877083846,,-0.40663314737961015,-0.4329283873049991,-0.9625739362134073,-0.20506276615787683,-0.5009264630299374
JNJ,10-Q,2024-07-25,-0.09832344204187393,-0.031662799417972565,7.26760437397974,-1.4578829223023142,0.0709247648902821,10.708176107828981,0.007015675424214107,,-0.6539715384503104,-0.4345334377288718,-0.9210858787832532,-0.5455283957970529,-0.5295084994039232
KO,10-Q,2024-07-29,-0.04009713605046272,-0.032049594447016716,9.909754838075097,1.6583177900498782,0.05932203389830504,10.613196821395052,0.01900363235739566,,0.1404559594632876,-0.43962296811567514,-0.9733532347277084,0.6117148776312658,-0.43594479038701855
MSFT,10-K,2024-07-30,0.0036910101771354675,0.035196468234062195,8.84850543478261,-1.1871403014389426,0.3022888713496449,10.983273736954189,-0.05511675089106971,,0.7378922359634118,0.44521487546779537,0.12115065272335034,0.14689512187577958,0.4738137195605474
AAPL,10-Q,2024-08-02,-0.0775955319404602,0.012857005000114441,5.15738929397119,-1.2114740408364177,0.12795793163891322,9.327856705404022,-0.01646507660011487,4.0,-0.371164283577005,0.15126751726357504,-0.6641659494018495,-1.4697877216803048,0.053640180597005094
AMZN,10-Q,2024-08-02,-0.13355912268161774,0.05314268171787262,9.906420320159052,-0.712522983594706,0.052136752136752174,10.281033180646158,-0.005717638415579596,0.0,-1.134719769534098,0.6813549289726891,-1.005721103951943,0.6102543822957776,-0.8010150240858068
PFE,10-Q,2024-08-05,-0.1457791030406952,-0.13090248219668865,8.172429277054333,-0.4133215761879878,0.04867690297288463,10.704165392288106,-0.043375964121068034,,-1.3014466167197531,-1.7403500670872223,-1.0213068456094057,-0.14922146818533608,-1.3038321694876995
CVX,10-Q,2024-08-07,-0.0776909738779068,-0.026530001312494278,7.975154326904644,-0.5920920998217216,0.07402361489554954,10.169000700216847,0.015869788763441806,,-0.3724664733393593,-0.36699500014420366,-0.9071263466389858,-0.23562650536205118,-0.44585694702496415
UNH,10-Q,2024-08-09,-0.032159771770238876,0.0984722264111042,8.794043501201852,-1.9152647948445072,0.04199855177407674,9.744374580879056,0.03386050584599354,,0.24875169174101663,1.2778106169019867,-1.051391121412364,0.12304117897937805,0.1502204249980695
HD,10-Q,2024-08-20,0.09143359959125519,0.12494507804512978,3.3222591362126246,-0.8491787829759896,0.17572944297082227,9.801510196423664,0.016091633772568725,,1.9350337097673875,1.6261459694779112,-0.44896742514786214,-2.2735617912462778,1.8302019387777753
NVDA,10-Q,2024-08-28,-0.1107695922255516,-0.12258770316839218,6.570405634024471,-1.0727414425797264,0.12007417709782109,10.143212863442015,-0.1464851339574913,,-0.8237841992523611,-1.6309424549246587,-0.6996802610809625,-0.8508965279379238,-0.781823646643105
WMT,10-Q,2024-08-30,0.0330471508204937,0.02470135409384966,7.441000352236703,-0.2186571586185444,0.04086140254003312,10.030692726771417,0.0014242688614027887,,1.1384212573844654,0.3071179550870428,-1.056513689867913,-0.46958217993833673,0.4992572399815993
PEP,10-Q,2024-10-08,-0.05542146414518356,-0.02586979977786541,11.352141171181298,0.6065186594886693,0.05638665132336018,10.192119174023498,0.03215567377760076,,-0.06862595666053267,-0.35830792942302264,-0.9865763876202371,1.243469921242532,-0.6814015379017142
COST,10-K,2024-10-09,-0.14282077550888062,-0.1094370000064373,8.49694052141635,4.291366353621069,0.5136042996305006,10.448250727329816,-0.023891702586792074,,-1.2610838167946636,-1.4579027353708687,1.0730729815395315,-0.007087831288779222,-0.7249773890329714
JNJ,10-Q,2024-10-23,-0.1324603259563446,-0.03413688391447067,6.9831186912634875,-0.2844856827162525,0.046373365041617154,10.735722535246286,-0.03165303373579853,,-1.1197280176392903,-0.4670879621641091,-1.0316836988751035,-0.6701311189136439,-0.7670241443510373
KO,10-Q,2024-10-24,0.06908091902732849,0.10917805507779121,10.056507997318263,0.14675315924316656,0.05436487192890749,10.639813947190007,-0.029569072663244822,,1.6300584277242238,1.4186801633634905,-0.9956839902462132,0.6759917266208848,0.7517803254862101
GOOGL,10-Q,2024-10-30,-0.07282169163227081,0.007373474538326263,8.325205517625749,0.2802698408727142,0.10036591740721379,10.26496594143918,0.01175028299184655,0.0,-0.3060310083863481,0.07911406952873622,-0.7884609649520609,-0.08230655204278692,-0.30977559003830846
MSFT,10-Q,2024-10-30,-0.07266400754451752,-0.07635501772165298,10.83305595061579,1.984550515833181,0.3016671077004498,10.4057163290766,-0.02855311572291963,4.0,-0.30387959978912205,-1.022603050909618,0.11834976541601948,1.0161142547130844,-0.6320316849462317
META,10-Q,2024-10-31,-0.21894612908363342,-0.07296645641326904,10.462380483572227,-0.016991432389314554,0.030342156229825723,11.00093249345223,0.04249627002277201,,-2.2997221631307596,-0.9780156481470104,-1.1039002225336438,0.8537610137866879,-1.8837803026822155
AAPL,10-K,2024-11-01,-0.13328354060649872,-0.05568800866603851,8.820771304653617,3.663382010682427,0.5937864077669903,10.437785532487261,0.019288984113135177,4.0,-1.130959785542688,-0.7506621967243309,1.43427301188106,0.13474776843307873,-0.4282641310904314
AMZN,10-Q,2024-11-01,-0.16791334748268127,-0.03435422480106354,9.590034273662008,-0.31638604649704405,0.05500000000000005,10.320387038269956,0.051785986860465316,0.0,-1.6034416021623938,-0.46994777928570636,-0.9928228996128904,0.4716795247731783,-1.2853333519991408
UNH,10-Q,2024-11-04,0.005945712327957153,0.03810548409819603,8.525002860739214,-0.269040640462638,0.049859550561797805,9.768755439335086,0.12098200671286308,4.0,0.7686549188731244,0.4834923183625232,-1.015979318622068,0.005203275466628717,0.2499048905050188
PFE,10-Q,2024-11-04,-0.08120525628328323,0.06457384675741196,9.024636599183172,0.8522073221288391,0.04792537793502738,10.726412213600824,-0.040073049366471714,0.0,-0.4204146048707808,0.8317686040632716,-1.024692275012364,0.22403932997955087,-0.3144480526675512
CVX,10-Q,2024-11-07,0.014080393128097057,0.09177136700600386,7.5422438175357165,-0.43291050936892717,0.10026619343389531,10.224809892531864,0.03208515996311645,,0.8796427963341157,1.189639298764229,-0.7889101961212776,-0.42523825600667203,0.6463132378294637
HD,10-Q,2024-11-19,0.03495737165212631,-0.056476227939128876,3.638167686456094,0.3159085502434693,0.0478723404255319,9.80598497117489,0.05585069123346753,,1.1644839094778368,-0.7610337517874118,-1.0249311955207447,-2.1351960737159104,0.6695497363408569
NVDA,10-Q,2024-11-20,-0.08282212167978287,0.027947470545768738,6.776893243519086,0.20648760949461487,0.07087753134040498,10.106265117897465,-0.0723150068659495,,-0.44247477697913595,0.349831038453113,-0.9212986539277993,-0.7604564109267404,-0.1739901896265545
WMT,10-Q,2024-12-06,0.029177933931350708,-0.00386921688914299,7.4161469745491315,-0.024853377687571232,0.04537998906506291,10.074621763689507,-0.012969500875373074,,1.0856304742532066,-0.06881963011306201,-1.0361586053250706,-0.4804677841239268,0.3866876242980518
COST,10-Q,2024-12-19,0.008068718016147614,0.15088949352502823,4.780030096485793,-3.716910424930558,0.5296296296296297,9.332380997885208,-0.015814851488854864,,0.7976207628882722,1.9675280479371495,1.1452630226402871,-1.6350683894131337,1.5857752464417785
MSFT,10-Q,2025-01-29,-0.05671415477991104,0.015949852764606476,10.249268904052359,-0.5837870465634314,0.007832898172323799,10.488659691430774,-0.0656523115176334,,-0.08626315635982965,0.19196385898761043,-1.2052987125745285,0.7604196446101629,-0.48657020272918505
META,10-K,2025-01-30,-0.1425883173942566,0.07635781168937683,11.161402513473847,0.6990220299016201,0.18990061778135914,11.303240933340176,0.03637578360718852,,-1.2579122070690234,0.9868244943793133,-0.3851298822033956,1.1599277340680139,-0.7685143840075357
AAPL,10-Q,2025-01-31,-0.09322044998407364,0.04006309062242508,8.579088471849866,-0.24168283280375036,0.5488461538461539,9.322865162818028,-0.03546608467408541,,-0.5843473858731362,0.5092509169543653,1.231828583104873,0.02889239177458005,0.13587308413459648
PEP,10-K,2025-02-04,-0.030947497114539146,0.024473967030644417,11.58657368463897,0.2344325134576728,0.5611702127659575,11.207853053314365,0.014983672894954392,,0.26529171270084984,0.3041259482595276,1.2873453381418742,1.346149709149567,0.19397625066338353
GOOGL,10-K,2025-02-05,-0.0374595932662487,0.03536209836602211,10.909339625867789,2.58413410824204,0.4949181253529079,10.976491392697485,-0.040349155856923224,,0.17644203962115107,0.447394271598256,0.9888965128372577,1.0495259665960377,0.18491222427044457
AMZN,10-K,2025-02-07,-0.09051935374736786,0.07739399373531342,8.770801166580888,-0.8192331070811196,0.22990033222591366,10.750063723997085,-0.002051063640505446,,-0.5474941957486152,1.0004587957871847,-0.20494132883645644,0.11286120029747149,-0.10308303121099344
JNJ,10-K,2025-02-13,0.043297916650772095,0.1757582426071167,8.931743212382644,1.9486245211191564,0.4085889570552147,11.274934737803758,0.04037593949817686,,1.2782805548547103,2.2947562815777354,0.6000055378655584,0.18335268155368517,1.3169925618997573
KO,10-K,2025-02-20,-0.07690432667732239,-0.14598524570465088,9.45319192933739,-0.6033160679808738,0.568289224952741,11.528345955696105,0.011850410389866894,,-0.3617336240428026,-1.9388122432440411,1.3194146797647062,0.41174354283656783,-0.43865208860037697
CVX,10-K,2025-02-21,0.01189160905778408,-0.002188784070312977,7.391314614966822,-0.15092920256889464,0.4939729990356798,11.346811847020483,0.010833466599664554,,0.8497794858794155,-0.04670814146349955,0.9846389588468056,-0.49134418252761136,0.7822084929174371
NVDA,10-K,2025-02-26,-0.13175156712532043,-0.04892944544553757,9.47724575295389,2.7003525094348033,0.49526564965807474,10.941145998533898,-0.10648994643365317,,-1.110057860909139,-0.6617315996407149,0.9904620215584427,0.42227894797669724,-0.5784160619693118
UNH,10-K,2025-02-27,-0.0661696195602417,-0.07211533188819885,9.963293130571577,1.438290269832363,0.5771268307884077,10.885509843594862,0.040891152513605755,0.0,-0.2152715332291481,-0.966816372541005,1.3592258492410116,0.6351642722453619,-0.16832446550091285
PFE,10-K,2025-02-27,0.016453426331281662,0.0976586826145649,9.597135183527305,0.5724985843441335,0.41445017864231837,11.623580937568695,0.0053638818605081795,4.0,0.9120199632859384,1.2671058364302359,0.6264088523243961,0.47478967322554877,0.81069123552524
COST,10-Q,2025-03-13,-0.0688360184431076,-0.07690473645925522,4.313665074718842,-0.4663650217669506,0.025903203817314258,9.471396088360253,0.005367093269012635,,-0.25165131994045403,-1.0298363657382386,-1.1238965756272097,-1.8393329805997836,-0.2044256501616432
WMT,10-K,2025-03-14,-0.027712246403098106,-0.056890180334448814,10.157939576643292,2.7417926020941605,0.5507993811242908,11.019235516650925,0.010147846538796523,,0.30943279436576626,-0.7664806245144923,1.2406273758595612,0.720418043169549,0.09314857422676309
HD,10-K,2025-03-21,0.023946955800056458,-0.011010415852069855,8.493125058460386,4.854957372004292,0.5975301712040415,10.886614164596537,0.019934408083369437,,1.0142601065520884,-0.16278502881490528,1.4511377152230143,-0.008758977160600995,0.8314079691682218
JNJ,10-Q,2025-04-23,-0.04514484107494354,-0.08844275772571564,7.717750826901874,-1.2139923854807702,0.42530712530712533,10.447757623521474,0.005985228472046078,,0.07158613156461062,-1.1816560775487808,0.6753166393093581,-0.34836742340704296,-0.003699937925789626
PEP,10-Q,2025-04-24,0.008509347215294838,0.039456844329833984,9.867790764514274,-1.7187829201246974,0.5765049058605145,9.94640335351296,-0.013007127770899407,,0.8036326151984262,0.501273800661909,1.3564242354141118,0.5933349093009832,0.7179070892929724
GOOGL,10-Q,2025-04-25,-0.027597814798355103,0.0098617784678936,8.988302893494767,-1.9210367323730217,0.5121744054360136,10.100943996914353,0.012780813804513347,,0.3109940751629996,0.1118556962565438,1.0666316713964417,0.20812542307757326,0.39808752372535283
MSFT,10-Q,2025-04-30,-0.07730507850646973,-0.020590923726558685,10.174139585904292,-0.07512931814806656,0.014048059149722736,10.50413559859915,0.09636693850768663,,-0.36720139788648043,-0.2888473674874472,-1.1773009910654784,0.7275135329993412,-0.7320161718313068
KO,10-Q,2025-05-01,-0.04000949487090111,0.03689483180642128,8.159706001432621,-1.2934859279047686,0.5793444942230606,10.37692278708356,-0.001683444998097916,4.0,0.14165171732234877,0.46756230074552496,1.3692158597121806,-0.15479417319562452,0.5687189420745069
META,10-Q,2025-05-01,-0.1979660838842392,-0.055377766489982605,10.807627691081974,-0.3537748223918733,0.18911637931034486,10.963670814584455,0.0450883008945433,0.0,-2.013474829900871,-0.7465799648864333,-0.38866267731328674,1.00497685633234,-1.5417922895834506
AMZN,10-Q,2025-05-02,-0.08568046987056732,0.004838883876800537,10.539161304637231,1.7683601380563427,0.25294315506222675,10.205183470748327,0.016212242869359184,4.0,-0.4814734797597263,0.04576339224154008,-0.10113926499619372,0.8873904720303545,-0.4764283260761152
AAPL,10-Q,2025-05-02,-0.2130921185016632,-0.11987166851758957,6.903876792352628,-1.675211679497238,0.2730398899587345,9.486607541612665,-0.033211648599369537,0.0,-2.219851271439978,-1.5952042994446596,-0.01060857899791902,-0.7048385119006956,-1.3351692273554596
PFE,10-Q,2025-05-05,-0.06830745190382004,-0.0847608782351017,9.400342340825546,-0.19679284270175934,0.4376371981640391,10.48116776328736,-0.014223109692246494,,-0.24443966901846337,-1.1332091324204125,0.7308604856054589,0.3885957957116794,-0.31995594514088993
UNH,10-Q,2025-05-07,0.03037523292005062,0.09654485248029232,10.039284155390659,0.07599102481908204,0.6018085438104147,9.52857589747142,-0.21237151789158504,,1.101966170355715,1.2524498251362788,1.4704106970783155,0.6684478053021807,1.064586264405961
CVX,10-Q,2025-05-08,0.011052655056118965,-0.0008389540016651154,8.753458028820347,1.3621434138535253,0.49132947976878616,10.094934017107084,0.03809106425619557,,0.8383329735675109,-0.028946793370735073,0.9727305760217366,0.10526502824509798,0.6287961753852314
NVDA,10-Q,2025-05-28,-0.12502093613147736,0.006730630993843079,7.949902291703677,-1.5273434612502124,0.4905857740585774,10.02202585845966,0.05274103842621347,0.0,-1.018226544311325,0.07065539889459507,0.9693803707036711,-0.24668671872756792,-0.18743265007420395
HD,10-Q,2025-05-28,0.031315404921770096,0.007368449121713638,4.662925788350589,-3.830199270109797,0.6303251121076233,9.44572864970683,0.011791621984764245,4.0,1.114793679815865,0.07904794403943118,1.5988705938504801,-1.6863592506719915,1.3984662870484081
COST,10-Q,2025-06-05,-0.017408117651939392,0.05142790079116821,4.431314623338257,0.1176495486194149,0.05570652173913049,9.462187991418748,-0.008013312034564568,,0.45002016432823755,0.6587914806917221,-0.9896401986395453,-1.7878033078533406,0.5892487296404981
WMT,10-Q,2025-06-06,0.05516040325164795,0.08287264965474606,7.555723460521345,-2.602216116121947,0.5434726187386452,9.960670966063581,-0.031086520634957315,,1.4401298322372986,1.0725481032679423,1.2076221723608516,-0.41933426742414637,1.3949410518818843
PEP,10-Q,2025-07-17,0.049178704619407654,0.040669357404112816,10.422761849034522,0.5549710845202487,0.07252998286693313,10.216288975780873,-0.006394324112765082,,1.3585167915888878,0.5172283028466669,-0.9138547795349752,0.8364083312108029,0.37099969381966613
JNJ,10-Q,2025-07-24,-0.00957355834543705,0.03557128272950649,6.789634491343216,-0.9281163355586575,0.09267326732673264,10.696163275810974,-0.028426357261717272,2.0,0.5569132471220942,0.4501467634723859,-0.823114399577984,-0.7548758342185149,0.3739336730892763
KO,10-Q,2025-07-24,-0.07268978655338287,-0.032680291682481766,9.602860426510025,1.4431544250774042,0.056443024494142735,10.575308946381321,-0.01751081133897958,0.0,-0.30423132317536294,-0.4479218150597651,-0.9863224408050394,0.47729728928319975,-0.6300010478746825
GOOGL,10-Q,2025-07-24,-0.0065875002183020115,0.02101031458005309,7.759588877922608,-1.2287140155721588,0.0579004329004329,10.288205587499503,-0.0014050020079425796,4.0,0.5976543974694023,0.25855048044606155,-0.9797571861265777,-0.33004265206073236,0.20103618532975517
MSFT,10-K,2025-07-30,0.03605487197637558,0.1133599504828453,9.262965292469552,-0.9111742934347404,0.2843109738984002,10.867958738935036,0.022796359793046728,,1.1794579735491744,1.4737064231141723,0.04016479121653231,0.3284256171795332,0.8860903860623799
META,10-Q,2025-07-31,-0.19965128600597382,-0.0016852021217346191,10.740765258837548,-0.06686243224442556,0.039015030380556426,11.009158205571683,-0.015010873554824333,,-2.0364673739452384,-0.04008190421358229,-1.0648311274549804,0.9756915824573676,-1.5383848405041018
AAPL,10-Q,2025-08-01,-0.08745317161083221,0.125638946890831,5.135346853512055,-1.7685299388405733,0.1841509433962264,9.3492323708428,0.1332641937327066,4.0,-0.505659850234155,1.635276041762913,-0.4110307048511197,-1.4794421551798036,0.4230919479058217
AMZN,10-Q,2025-08-01,-0.1041363924741745,-0.018455922603607178,9.631419528298675,-0.9077417763385558,0.028107158541941124,10.288205587499503,0.03697323604845759,0.0,-0.7332822140770536,-0.26075457343584474,-1.1139683194126004,0.4898059744959421,-0.8327733238746237
PFE,10-Q,2025-08-05,0.04745703563094139,0.11576448753476143,8.905036688751158,-0.4953056520743875,0.04760308414347969,10.648088014684989,-0.004040418535008694,,1.3350267012688108,1.5053458276384861,-1.0261441266784208,0.17165541251122243,0.7443999227466161
CVX,10-Q,2025-08-07,-0.04959634318947792,-0.060648998245596886,8.261707172495555,-0.4917508563247921,0.11687745311818576,10.203332852113716,0.01305817565201095,,0.010850771033096217,-0.8159399415706715,-0.7140806906190867,-0.1101183794819583,-0.34955017766040186
UNH,10-Q,2025-08-11,-0.03404698893427849,-0.06442222185432911,8.232134516581038,-1.807149638809621,0.05869720830350755,9.748528212497986,0.22237191259953093,,0.22300289686007851,-0.8655888118271047,-0.9761679153222226,-0.12307099425524404,-0.3181699847934816
HD,10-Q,2025-08-26,0.028311902657151222,-0.0030035022646188736,3.939804947361622,-0.7231208409889667,0.07540521494009866,9.647562511697538,0.00041701356490531083,,1.0738145253180518,-0.0574283749081959,-0.9009025893743163,-2.0030810802884704,0.7980947916605154
NVDA,10-Q,2025-08-27,-0.07173112034797668,0.05328981578350067,7.735042735042735,-0.21485955666094192,0.13687150837988826,10.060534035475412,-0.054735663236783916,,-0.2911514826818324,0.6832909499701628,-0.624012550294268,-0.34079368956686834,-0.045557719030225416
WMT,10-Q,2025-08-29,0.020248550921678543,-0.034911852329969406,7.234303753069098,-0.3214197074522467,0.07651150347779556,10.034910473896547,0.05465048164127406,,0.9637998466442282,-0.47728515965457485,-0.8959190405169777,-0.5601138329526999,0.27862733151740093
COST,10-K,2025-10-08,-0.021799298003315926,-0.0043911803513765335,8.682723758548914,4.251409135210657,0.5269481634054239,10.423203539647567,0.0439332158479151,,0.3901078212724031,-0.07568773518774087,1.1331836984113184,0.07428391661468825,0.4408569222884239
PEP,10-Q,2025-10-09,-0.046141549944877625,-0.09532025456428528,10.061196971268542,-0.36156487776598034,0.06333333333333335,10.272426979294842,0.055006570919298836,,0.057987244940980044,-1.2721516282065648,-0.9552833496708721,0.6780454641490761,-0.6973764880361383
JNJ,10-Q,2025-10-22,-0.09464383125305176,-0.08507027290761471,6.426792385696495,-0.36284210564672126,0.04227053140096615,10.713728642470587,-0.03286002961059509,,-0.603767701155685,-1.1372802126283494,-1.050165922277945,-0.913798118086252,-0.620295854782853
KO,10-Q,2025-10-23,-0.007851039990782738,0.06483874656260014,8.74656997255978,-0.8562904539502458,0.0448075909330522,10.616853940277469,-0.01372608173900658,,0.5804149260161687,0.8352542114437368,-1.0387371135166708,0.10224810817076486,0.21377471044715968
UNH,10-Q,2025-10-28,-0.12442827224731445,-0.09038128331303596,7.7436129323988245,-0.48852158418221325,0.0463157894736842,9.780924360113003,-0.10061448348083235,,-1.010140362669152,-1.2071636051575092,-1.0319430621840466,-0.3370400035535006,-0.9805868472815897
MSFT,10-Q,2025-10-29,-0.0856969952583313,-0.12175186723470688,11.370132757415995,2.1071674649464427,0.2754335260115607,10.3573300412176,-0.06350293607673974,,-0.48169894868188884,-1.619944349821328,0.00017414341985099287,1.251350109154365,-0.958629553229905
GOOGL,10-Q,2025-10-30,0.0126164760440588,0.01920397626236081,7.9201218480284306,0.16053297010582224,0.06821787414066627,10.293703649881554,0.011617120374207035,4.0,0.8596694188988886,0.23478230074773176,-0.9332797340411881,-0.2597303430749382,0.3201429368948148
META,10-Q,2025-10-30,-0.29268744587898254,-0.09303615987300873,10.199697668867849,-0.5410675899696997,0.03752759381898452,11.04844256839719,-0.07131600263627669,0.0,-3.305833212030624,-1.2420970296086566,-1.071531651345626,0.7387077931269245,-2.4160007245356137
AMZN,10-Q,2025-10-31,-0.14014184474945068,-0.036005452275276184,9.476666558113784,-0.15475297018489087,0.05159914712153513,10.33227848594779,0.0007779970537078462,0.0,-1.2245330477898153,-0.49167497786500997,-1.0081428779900812,0.4220252647206434,-1.0927273040388412
AAPL,10-K,2025-10-31,-0.1059798002243042,-0.018526628613471985,9.233906204485873,4.098559350973818,0.5773555641721597,10.44380401506915,-0.007027399721623029,4.0,-0.758433282509698,-0.2616849379925606,1.3602562350349439,0.31569794153877884,-0.18349830237894788
PFE,10-Q,2025-11-04,-0.09284017235040665,-0.14029720798134804,8.66738894907909,-0.23764773967206843,0.06464124111182934,10.698852816481402,0.06827967985566041,,-0.5791589576552937,-1.863967845927009,-0.9493915573464237,0.06756737819289381,-1.0098111741942284
CVX,10-Q,2025-11-06,-0.0844133049249649,-0.034816961735486984,8.041846066256271,-0.2198611062392839,0.07830783078307835,10.243667193945663,0.017261577794593475,,-0.46418454720530256,-0.47603656924421306,-0.8878270422863127,-0.20641599377056588,-0.5214541780426412
NVDA,10-Q,2025-11-19,-0.219648078083992,-0.14791695773601532,8.122294164974523,0.38725142993178796,0.1412606168976308,10.169767218727474,-0.033562099293627634,,-2.3092994079606153,-1.9642301166497014,-0.6042407312859399,-0.17118029377281044,-1.7539723425210154
HD,10-Q,2025-11-25,0.030603090301156044,0.0022911876440048218,3.8640754631208094,-0.07572948424081272,0.11830799735624586,9.775597361230211,0.019483315498738385,,1.1050750086388688,0.012240269089721915,-0.7076364521948159,-2.0362500604161347,0.8877509736471946
WMT,10-Q,2025-12-03,0.1081194058060646,0.08787085488438606,7.239896086197351,0.005592333128253024,0.05348460291734203,10.063989449190156,-0.010750907957261635,,2.1626913476030682,1.1383155394694773,-0.9996493785488619,-0.557664430474156,1.2554283216502269
COST,10-Q,2025-12-17,-0.006791847757995129,0.015007450245320797,4.4259537930424,-4.256769965506513,0.5334022038567493,9.332380997885208,0.01067643426965259,,0.5948663225280322,0.17956352832576786,1.1622575112733586,-1.7901513137236251,1.0804262495947041
MSFT,10-Q,2026-01-28,-0.0055987657979130745,0.08009822946041822,10.756350219951752,-0.6137825374642425,0.022736030828516385,10.469823566229687,-0.14002441438443902,,0.6111444823771843,1.0360416985199625,-1.1381638854577685,0.9825176855355773,0.03441227307024641
META,10-K,2026-01-29,-0.05494682863354683,0.23774061724543571,10.803171485376195,0.6034738165083464,0.1978107896794371,11.332542028806532,-0.09223770369886974,,-0.062150129360306366,3.1103334102381557,-0.3494965670412539,1.003025069653987,0.4083778787055755
AAPL,10-Q,2026-01-30,-0.005384980235248804,0.1005948199890554,5.506714327118153,-3.72719187736772,0.5840061514802,9.244935016740682,0.07183592073173606,,0.6140613277230402,1.3057401498655117,1.3902154415622154,-1.3167858202583662,1.3102160167830434
PEP,10-K,2026-02-03,-0.01092712115496397,0.035214428789913654,10.991603636111304,0.9304066648427618,0.5473098330241187,11.185198873463579,0.025299273340211537,,0.5384455202462043,0.4454512042411919,1.2249078480377829,1.085557023037837,0.41542326743338664
GOOGL,10-K,2026-02-05,-0.08661441504955292,-0.09923089109361172,10.860441612278807,2.9403197642503764,0.503125,10.974694385513637,-0.06716985465314584,,-0.494216031757434,-1.3236086065884616,1.0258663985191456,1.0281089814247446,-0.5785708132522323
AMZN,10-K,2026-02-06,-0.0316866859793663,0.10845515877008438,8.765445136762066,-0.7112214213517181,0.24101198402130497,10.76523761774909,-0.0548212896375182,,0.2552063749764053,1.4091681416250676,-0.15488615993508725,0.11051529700227991,0.4135448586601278
JNJ,10-K,2026-02-11,-0.13051602244377136,-0.035872191190719604,8.573170421926994,2.146378036230499,0.41261659302896414,11.27384306235451,0.025118299636797348,,-1.0932003486007287,-0.48992150047181504,0.6181490148797388,0.026300327636627208,-0.5211183776075401
JPM,10-K,2026-02-13,-0.03307637199759483,-0.06821157410740852,15.254197041293661,5.554875993766988,0.3653992395437262,12.25755442215383,-0.016129347636131608,,0.23624579062283751,-0.9154499061798657,0.4054468309650561,2.9525428788930035,-0.7475135932155345
MS,10-K,2026-02-19,-0.007022927515208721,-0.013621283695101738,16.671065678434616,6.991474940685558,0.42283535217586365,11.850711124388255,0.01789308082074248,,0.5917135188215983,-0.1971393773076354,0.6641819292005977,3.5731213515971763,-0.4806629405152544
KO,10-K,2026-02-20,-0.059284307062625885,-0.05143326707184315,9.354647720544701,0.6080777479849218,0.5685267335979454,11.526246346753071,0.021543053814674584,,-0.121329774659731,-0.6946774114876478,1.320484595882503,0.36858187422217253,0.0036414402133051887
CVX,10-K,2026-02-24,-0.01626279018819332,0.06815051473677158,7.296665861041099,-0.7451802052151724,0.4980694980694981,11.372398229833252,0.01850660074235244,,0.46564677185250214,0.8788311539865268,1.0030926464548997,-0.5327996693771908,0.8365042533809054
GS,10-K,2026-02-25,0.000314110133331269,-0.008745842438656837,15.868715811409219,1.8549340006703225,0.26632772780602265,12.164995410105396,-0.05379517545923207,4.0,0.6918185205383013,-0.13298729529905678,-0.0408451645599973,3.2216977672218787,-0.5029732965010825
NVDA,10-K,2026-02-25,-0.14638394117355347,0.07326413691043854,9.576740649552844,1.4544464845783214,0.4342565205700457,10.91942450453533,-0.06402133533547627,0.0,-1.3096989012558906,0.9461172706251625,0.7156313917601496,0.4658570111469223,-0.3558765378183479
BAC,10-K,2026-02-25,-0.04387529939413071,-0.03582195471972227,15.523979110149742,6.377066685922252,0.4049143093124097,12.02787258369539,-0.02689121262736982,2.0,0.0889074917953959,-0.4892604784149946,0.583452183170316,3.0707055228142575,-0.6996747086170361
PFE,10-K,2026-02-26,-0.08410750329494476,0.008732669055461884,9.926349947132387,1.258960998053297,0.40408490188225876,11.605586684830609,-0.018081168858348873,,-0.4600122539495594,0.0969986370052965,0.5797159133727442,0.6189834183859777,-0.21557334397676395
UNH,10-K,2026-03-02,-0.03482785448431969,0.08960041776299477,10.45822102425876,2.714608091859936,0.5826219512195122,10.926855325994174,-0.02557545728570676,,0.21234893119003137,1.1610734917842194,1.3839799709843144,0.851939199935804,0.5294530313031981
COST,10-Q,2026-03-11,0.03984134644269943,0.04663319420069456,4.096495220755576,-0.32945857228682485,0.03180212014134276,9.48668339975797,-0.012406452297975767,,1.2311198364301736,0.5957017224072734,-1.0973234559532512,-1.9344518453675585,0.973767446170482
WMT,10-K,2026-03-13,0.004764474928379059,-0.10335493087768555,9.778998034031591,2.53910194783424,0.5519280205655527,10.98537746505985,-0.05734848004878179,,0.752538363721451,-1.377873589903523,1.2457116098601748,0.5544443194285402,0.2046176069927534
HD,10-K,2026-03-18,0.07152155786752701,0.040918467566370964,8.277186118959646,4.413110655838837,0.5997222222222223,10.918953711784086,0.004774510089291528,,1.6633579917978172,0.5205061467827885,1.461012348263708,-0.10333871007298709,1.3528932971787795
PEP,10-Q,2026-04-16,0.026713967323303223,0.03764108847826719,9.419454056132258,-1.5721495799790457,0.5657021502521901,9.94314086441278,-0.01692135801053929,,1.0520126310113127,0.4773817030710935,1.3077605653736983,0.39696659225900716,0.8730502345521025
JNJ,10-Q,2026-04-22,-0.01618383266031742,0.11433218978345394,7.018008474576272,-1.5551619473507223,0.4826065654091132,10.315895172210867,0.005528470590161261,,0.4667240517905622,1.4864993524233214,0.9334360625123495,-0.6548496398310681,1.0020582895869659
MSFT,10-Q,2026-04-29,-0.11181911081075668,-0.10622034501284361,10.659319250786229,-0.09703096916552312,0.03117870722433458,10.489383542349097,-0.024737292373319675,,-0.8381036105469961,-1.4155773120731223,-1.1001317727931545,0.9400188052080034,-1.2829837777920683
META,10-Q,2026-04-30,-0.23989906907081604,-0.1849522404372692,10.896562775418635,0.09339129004244029,0.19438669438669443,11.041416703581188,0.008007687507799899,0.0,-2.5855996785343063,-2.45154815989779,-0.36492124659103115,1.0439297961890868,-2.25789963993663
KO,10-Q,2026-04-30,0.06446504592895508,0.12374935299158096,7.63286547863113,-1.721782241913571,0.5833916491719151,10.364261216403174,-0.004190005911044792,4.0,1.567080423988792,1.6104123676026811,1.387447264751254,-0.3855466074216718,1.6293917719382978
GOOGL,10-Q,2026-04-30,-0.05225346237421036,0.03436095267534256,8.610440609575964,-2.2500010027028434,0.4746387078492491,10.231279365915785,0.034277592638236376,3.0,-0.02540240542457878,0.43422098592568037,0.8975428880964208,0.04262440703418292,0.3095836640346901
AMZN,10-Q,2026-04-30,-0.1390717476606369,-0.1073850616812706,10.5220829703103,1.7566378335482344,0.2566371681415929,10.303705585457303,0.02305144467448339,1.0,-1.2099328677111347,-1.4309028990917159,-0.0844986743786737,0.8799102820147692,-1.203794397726857
GS,10-Q,2026-05-01,-0.03636028990149498,-0.03667440003482625,14.991269835165259,-0.8774459762439601,0.26432932834351,11.775366649556215,0.013824657669823992,3.0,0.1914407039986941,-0.500477133254203,-0.04984744653124898,2.837382616512725,-0.7512064470751972
JPM,10-Q,2026-05-01,-0.049418576061725616,-0.016342204064130783,10.715434452970637,-4.538762588323024,0.37612225405921684,11.59741366141542,-0.03318716252899756,1.0,0.013276188412869223,-0.23294182009617684,0.45375128763704586,0.9645968680955803,-0.1793087559322432
BAC,10-Q,2026-05-01,0.06097698211669922,0.10485228151082993,9.765395204367366,-5.758583905782377,0.4240663900414938,11.350347710212871,-0.03625095166638714,4.0,1.519490013438926,1.3617607244816452,0.6697274420930784,0.5484863759493801,1.130495454375799
AAPL,10-Q,2026-05-01,-0.08955681324005127,-0.08417183300480247,8.599589865714098,3.092875538595945,0.28857327307940606,9.623641365852121,0.04704780255445762,0.0,-0.5343614950929907,-1.1254583513252725,0.059365366373315444,0.037871857731455266,-0.5431719582173484
MS,10-Q,2026-05-05,-0.018888670951128006,-0.011865743435919285,10.815307820299502,-5.855757858135114,0.4196228109564436,11.117108661912011,0.013896955505031894,4.0,0.42981980586524954,-0.17403960915279232,0.6497102470149324,1.0083406987769026,0.08174238770393416
PFE,10-Q,2026-05-05,-0.06682368367910385,0.017283819615840912,9.870241682553349,-0.056108264579037836,0.46045764753111196,10.389702810329402,-0.0057833288930907445,0.0,-0.22419544678635311,0.20951647552749636,0.8336608134512027,0.5944083941206357,9.450032133928588e-05
UNH,10-Q,2026-05-05,-0.031430818140506744,0.0033970363438129425,8.845052497613745,-1.6131685266450155,0.5874886672710788,9.662434580678351,0.08937272808745877,2.0,0.258697382066083,0.02679125898943425,1.4059032906168831,0.14538275974253248,0.4511766384989877
CVX,10-Q,2026-05-07,-0.020911987870931625,-0.004649197682738304,9.772550376199948,2.4758845151588496,0.5127342623738587,10.048756045127371,0.022684977882378554,,0.40221409448244366,-0.07908278152929492,1.0691536846938763,0.5516202907608196,0.31071970034216223
NVDA,10-Q,2026-05-20,-0.10871847718954086,0.037665463984012604,7.630369714598879,-1.9463709349539657,0.44593867670790743,10.074158166589221,-0.0412583388191472,,-0.7957992162065307,0.47770244110511517,0.7682565378122755,-0.38663973447012556,0.010250070243613713
HD,10-Q,2026-05-27,0.023163462057709694,-0.048358095809817314,4.694442115852125,-3.5827440031075213,0.64984666852523,9.386811515091962,-0.01535312549179535,,1.0035702823778516,-0.6542136609027914,1.686810246900641,-1.6725553214484514,1.1780731180505009
WMT,10-Q,2026-05-29,0.022155344486236572,0.017390869557857513,7.590415240363149,-2.1885827936684423,0.5502454146215447,9.911356510914823,0.02704100004294574,,0.9898157378249779,0.21092506119144716,1.2381318974760362,-0.4041395124657342,0.9582069866957933
COST,10-Q,2026-06-03,-0.03941792994737625,-0.07925927639007568,4.483975301381947,0.3874800806263714,0.03529411764705881,9.518192651217346,0.022394799717903258,,0.14972290497623536,-1.0608178976221054,-1.0815928941816635,-1.7647383021814929,-0.019556669917451364
PEP,10-Q,2026-07-09,0.031045829877257347,0.0043318625539541245,9.790849175206674,0.3713951190744158,0.07609921082299886,10.17542126801977,0.011388256972361122,,1.1111156544892404,0.039091898981244114,-0.8977763142016338,0.5596350357006391,0.20097796451436298
JNJ,10-Q,2026-07-23,-0.07968535274267197,-0.06350152008235455,5.9332749732516294,-1.0847335013246422,0.08651734738691264,10.624371488067673,-0.013306499690563078,0.0,-0.3996773599729861,-0.8534740241649464,-0.8508452552603768,-1.1299552649378848,-0.3434296836083527
GOOGL,10-Q,2026-07-23,-0.015797007828950882,0.036456454545259476,7.106062607317395,-1.5043780022585684,0.1566371681415929,10.541544766778113,0.05026914812966066,4.0,0.4720018085996357,0.4617940404938867,-0.5349732736828936,-0.6162825505615632,0.37177673364295694
KO,10-Q,2026-07-29,0.11153731495141983,0.04707226902246475,8.310178038489246,0.677312559858116,0.06631853785900788,10.56795229673375,-0.02525822296830882,4.0,2.209324582602401,0.6014791613081868,-0.9418357615454284,-0.0888884819455779,1.0417952617282844
MSFT,10-K,2026-07-29,-0.09122079610824585,0.020598314702510834,9.558387670420867,-1.100931580365362,0.27064220183486243,10.896461509181242,0.2481691896505871,0.0,-0.5570645280957353,0.2531292993587751,-0.02140955496649668,0.45781853569426745,-0.33505696187336487
META,10-Q,2026-07-30,-0.20448985695838928,0.03540921211242676,10.478352919517658,-0.4182098559009777,0.030228254164096247,11.084953977720833,0.09437321179219582,,-2.1024838204594967,0.44801420418775995,-1.1044133224078378,0.8607568281088835,-1.4305308968119888
AAPL,10-Q,2026-07-31,-0.13255059719085693,-0.042993783950805664,6.681812107443539,-1.9177777582705584,0.198547215496368,9.613603056529147,0.014308299058667373,0.0,-1.1209596594160807,-0.5836289166308767,-0.3461791557932616,-0.8021012781092092,-0.5924065282867725
AMZN,10-Q,2026-07-31,-0.016148606315255165,0.12292314134538174,9.384683488269145,-1.1373994820411557,0.06672025723472674,10.430757228718052,0.010678343609427987,2.0,0.4672046726489862,1.5995409008993648,-0.9400261177973315,0.3817373287027973,0.3030466999243021
BAC,10-Q,2026-07-31,0.033882640302181244,-0.027094341814517975,8.945907755492076,-0.8194874488752895,0.02538787023977429,11.496491158506803,0.019693223872551124,4.0,1.1498205005129591,-0.37442071122599113,-1.126218022495713,0.189556651561195,0.15236140393575476
GS,10-Q,2026-08-03,-0.005931682884693146,0.030428607016801834,14.402256731566599,-0.5890131035986599,0.02332285115303978,11.857153263607204,0.007253600106059466,,0.6066022315206319,0.3824783542532535,-1.135520408952236,2.579399030277386,-0.5298091554837762
PFE,10-Q,2026-08-04,-0.10229825973510742,-0.03547457605600357,9.763104715993475,-0.10713696655987448,0.06791406791406795,10.623130596900038,0.04761908693771688,0.0,-0.7082031167881835,-0.48468959685766816,-0.9346483039231182,0.5474831581918863,-0.8458068231372599
MS,10-Q,2026-08-04,0.0031574866734445095,0.022046157624572515,9.77151319617073,-1.0437946241287719,0.03160270880361171,11.233595086496363,-0.009076603496374736,4.0,0.7306129532595113,0.27218032120194857,-1.0982217533778622,0.5511660132211951,0.021004615280478423
CVX,10-Q,2026-08-06,-0.07216254621744156,-0.051250558346509933,9.243190221082019,-0.5293601551179297,0.07485166590597903,10.185164128035991,0.04476039044470492,0.0,-0.2970377666934737,-0.6922732916316728,-0.9033961871677191,0.31976427534614027,-0.6273773218831199
JPM,10-Q,2026-08-06,0.06556122750043869,0.1149798035621643,9.889114824934866,-0.8263196280357707,0.028265397203213305,11.743219391313271,0.019113100735077104,4.0,1.5820364952741863,1.495020790803241,-1.1132554944372903,0.6026746974089097,0.7357908973763533
UNH,10-Q,2026-08-10,-6.274580664467067e-05,0.031368072333862074,7.673034763545255,-1.1720177340684899,0.02808219178082194,9.860527858095992,-0.032098562880081394,,0.6866767771910053,0.39484003659012795,-1.1140807883297112,-0.3679527438635596,0.25551638662649667
HD,10-Q,2026-08-25,0.057516910135746,0.03435344807803631,3.886729594669628,-0.8077125211824967,0.045489006823351,9.575608290332934,-0.05359896981609569,,1.472281517560189,0.43412223885510587,-1.035667508015252,-2.026327710532398,1.0923363691231573
NVDA,10-Q,2026-08-26,-0.10038039833307266,0.0083380788564682,6.72645739910314,-0.9039123154957389,0.1991561181434599,10.194700882751727,0.07035203119581035,,-0.6820362183559133,0.09180653613193217,-0.3434362040336216,-0.7825469551569743,-0.20828878736413545
WMT,10-Q,2026-08-28,0.0862339586019516,0.06407861411571503,6.980113262215198,-0.6103019781479508,0.0728051391862955,10.033638237001172,0.039286091722065875,,1.8640908994542835,0.8252522287502743,-0.9126152702078673,-0.671447475645466,1.07806655827411
